id_venda,id_cliente,data_venda,categoria_produto,quantidade,preco_unitario
9,1008,2024/02/18,Moda,4,292.85
42,1001,2024/07/05,LIVROS,2,0.0
52,1011,2024/03/02,Casa,2,329.07
86,1005,2024/07/10,moda,3,154.35
92,1011,18-04-2024,Eletrônicos,3,392.08
22,1021,2024/03/16,eletronicos,8,206.54
25,1024,2024/09/19,Esportes,3,490.13
16,1015,2024-12-06,MODA,4,175.38
77,1036,19-01-2024,LIVROS,3,415.97
83,1002,2024/07/13,beleza,6,372.62
38,1037,2024/09/30,casa,4,8.31
47,1006,2024/05/22,alimentos,2,314.15
27,1026,2024-10-24,BELEZA,5,178.96
80,1039,25-01-2024,CASA,6,492.98
37,1036,2024-10-01,moda,4,253.25
24,1023,17-02-2024,Casa,2,0.0
79,1038,09-08-2024,Moda,2,189.49
68,1027,2024-03-31,Alimentos,8,35.12
60,1019,2024-09-27,Esportes,6,220.1
91,1010,2024/02/29,LIVROS,8,184.05
76,1035,13-07-2024,Beleza,5,176.78
36,1035,07-01-2024,eletronicos,1,329.32
35,1034,2024-04-15,Livros,8,60.14
44,1003,29-09-2024,MODA,6,411.35
61,1020,2024/05/14,Alimentos,3,218.45
29,1028,2024-10-27,Eletronicos,3,172.07
85,1004,2024-02-05,ELETRONICOS,4,257.41
49,1008,2024-08-02,LIVROS,6,126.66
48,1007,2024/06/02,beleza,5,142.28
94,1013,2024/07/28,CASA,4,478.25
30,1029,2024-08-18,moda,2,104.23
46,1005,2024-09-20,ESPORTES,5,85.9
23,1022,2024-11-01,Moda,5,359.83
88,1007,2024/12/20,ESPORTES,8,421.5
89,1008,2024/07/29,alimentos,8,-329.98
16,1015,2024-12-06,MODA,4,175.38
58,1017,02-05-2024,Moda,1,301.86
71,1030,10-07-2024,Eletrônicos,3,157.86
59,1018,2024/04/27,casa,6,483.76
8,1007,20-07-2024,Eletronicos,7,0.0
81,1000,2024/02/28,esportes,2,240.94
87,1006,2024-05-20,CASA,8,372.0
14,1013,05-07-2024,livros,8,254.29
73,1032,04-10-2024,CASA,5,404.41
63,1022,25-06-2024,Livros,4,58.96
93,1012,2024-01-22,MODA,5,112.74
18,1017,2024/05/14,esportes,5,417.98
34,1033,2024/10/19,beleza,6,230.39
51,1010,2024-09-29,MODA,6,250.84
4,1003,2024/07/22,esportes,4,449.17
20,1019,2024-01-18,BELEZA,3,153.52
57,1016,15-03-2024,Eletronicos,6,497.49
64,1023,03-02-2024,Eletronicos,3,413.41
71,1030,10-07-2024,Eletrônicos,3,157.86
75,1034,2024-09-04,ALIMENTOS,5,200.06
11,1010,20-03-2024,Esportes,8,365.82
69,1028,30-10-2024,beleza,5,210.34
21,1020,2024/07/17,Livros,3,286.71
32,1031,28-10-2024,Esportes,8,325.71
50,1009,19-09-2024,eletronicos,8,128.7
5,1004,2024/02/19,alimentos,4,380.71
70,1029,27-10-2024,livros,6,347.59
90,1009,16-09-2024,Beleza,8,173.8
78,1037,2024-02-14,Eletronicos,8,292.05
53,1012,2024-08-10,ESPORTES,3,15.93
33,1032,17-08-2024,ALIMENTOS,2,359.16
7,1006,03-03-2024,livros,5,53.1
56,1015,2024-12-04,livros,6,-396.34
45,1004,2024/10/30,CASA,7,101.96
72,1031,2024-09-04,MODA,5,252.47
10,1009,2024-11-10,Casa,1,246.89
19,1018,03-04-2024,alimentos,7,62.55
65,1024,2024/11/27,MODA,5,441.53
55,1014,2024/12/12,beleza,2,67.54
15,1014,2024-06-11,eletronicos,6,266.71
84,1003,24-01-2024,LIVROS,3,464.75
62,1021,25-02-2024,Beleza,4,45.66
26,1025,2024-04-11,Alimentos,3,173.69
66,1025,2024/09/17,CASA,2,283.6
67,1026,15-03-2024,Esportes,3,0.0
13,1012,2024-03-14,beleza,2,-268.24
51,1010,2024-09-29,MODA,6,250.84
31,1030,2024/09/15,Casa,3,193.63
54,1013,2024/12/20,Alimentos,2,52.24
12,1011,30-05-2024,alimentos,6,428.24
41,1000,12-07-2024,beleza,6,260.55
43,1002,2024/04/19,ELETRONICOS,7,308.45
28,1027,06-01-2024,livros,8,108.99
6,1005,20-05-2024,BELEZA,7,239.79
2,1001,2024-02-17,Moda,4,406.57
40,1039,28-04-2024,alimentos,5,44.41
82,1001,2024-11-30,Alimentos,8,185.76
39,1038,2024-06-04,ESPORTES,6,464.14
74,1033,2024/09/30,ESPORTES,3,413.3
17,1016,2024/06/04,Casa,4,137.08
31,1030,2024/09/15,Casa,3,193.63
3,1002,2024/04/21,CASA,1,232.27
95,1014,2024/01/23,Esportes,4,161.62
1,1000,2024/07/12,eletronicos,3,100.59
4,1003,2024/07/22,esportes,4,449.17
